id,gender,masterCategory,subCategory,articleType,baseColour,season,year,usage,productDisplayName,brandName,price
37796,Men,Apparel,Topwear,Shirts,Blue,Summer,2012.0,Formal,John Players Men Check Blue Elegant Collection Shirt,John,7124
44866,Men,Apparel,Topwear,Tshirts,Blue,Summer,2012.0,Casual,Puma Men Blue Tech Graphic T-shirt,Puma,9162
3274,Men,Apparel,Topwear,Tshirts,Brown,Summer,2011.0,Casual,Guerrilla Men's Luchador Coffee T-shirt,Guerrilla,5045
20672,Men,Apparel,Topwear,Tshirts,Pink,Fall,2011.0,Casual,Classic Polo Men Striped Pink Tshirt,Classic,7124
9733,Men,Apparel,Topwear,Shirts,Green,Fall,2011.0,Casual,Indian Terrain Men Chase Green Shirts,Indian,16297
8725,Men,Apparel,Topwear,Shirts,Black,Fall,2011.0,Casual,Indigo Nation Men Checks Shirt Black Shirts,Indigo,15278
24027,Men,Apparel,Topwear,Tshirts,Red,Fall,2011.0,Casual,Locomotive Men Printed Red T-shirt,Locomotive,5289
59131,Men,Apparel,Topwear,Jackets,Brown,Summer,2012.0,Casual,Just Natural Men Brown Jacket,Just,25429
3784,Men,Apparel,Topwear,Tshirts,Black,Summer,2011.0,Casual,Status Quo Men's Surfers Black T-shirt,Status,7124
9935,Men,Apparel,Topwear,Tshirts,Navy Blue,Fall,2011.0,Casual,Basics Men Navy T-shirt,Basics,6614
15650,Men,Apparel,Topwear,Tshirts,White,Fall,2011.0,Sports,Nike Men Football Soccer White Tshirts,Nike,12179
27590,Men,Apparel,Topwear,Tshirts,Blue,Summer,2012.0,Casual,Scullers Men White & Blue T-shirt,Scullers,10182
29348,Men,Apparel,Topwear,Tshirts,Green,Summer,2012.0,Casual,Probase Men Printed Green T-shirt,Probase,4066
22614,Men,Apparel,Topwear,Tshirts,Navy Blue,Fall,2011.0,Sports,Nike Men Navy Blue T-shirt,Nike,21352
33241,Men,Apparel,Topwear,Shirts,Blue,Summer,2012.0,Formal,Arrow Men Blue Striped Shirt,Arrow,17316
6946,Men,Apparel,Topwear,Tshirts,Black,Summer,2011.0,Casual,Tantra Men's Dude Black T-shirt,Tantra,4576
48416,Men,Apparel,Topwear,Tshirts,Blue,Summer,2012.0,Casual,French Connection Men Blue Printed T-shirt,French,15278
37739,Men,Apparel,Topwear,Shirts,Green,Summer,2012.0,Casual,John Players Men Striped Shirt,John,10182
26790,Men,Apparel,Topwear,Shirts,White,Summer,2013.0,Formal,Arrow Men White Striped Shirt,Arrow,18335
33232,Men,Apparel,Topwear,Shirts,Blue,Fall,2012.0,Formal,Arrow Men Striped Blue Shirt,Arrow,14259
16324,Men,Apparel,Topwear,Tshirts,Navy Blue,Fall,2011.0,Casual,Peter England Men Printed Navy Blue TShirt,Peter,4576
8163,Men,Apparel,Topwear,Shirts,Red,Summer,2011.0,Casual,Highlander Men Red Checked Halden Slim Fit Shirt,Highlander,10589
22390,Men,Apparel,Topwear,Shirts,Purple,Fall,2011.0,Casual,Mark Taylor Men Purple & White Striped Shirt,Mark,5289
9662,Men,Apparel,Topwear,Shirts,Blue,Fall,2011.0,Casual,Indigo Nation Men Reversible Bling Blue Shirts,Indigo,14768
19151,Men,Apparel,Topwear,Tshirts,White,Fall,2011.0,Casual,United Colors Of Benetton Men White T-shirt,United,11201
14922,Men,Apparel,Topwear,Tshirts,Blue,Fall,2011.0,Casual,Mr. Men Men Sleep Placid Blue Tshirts,Mr.,10182
26041,Men,Apparel,Topwear,Shirts,White,Summer,2012.0,Formal,John Miller Men White Shirt,John,11201
37722,Men,Apparel,Topwear,Shirts,Grey,Summer,2012.0,Casual,John Players Men Grey Striped Shirt,John,8143
7293,Men,Apparel,Topwear,Tshirts,Green,Fall,2011.0,Casual,Mickey Men's Mouse Butter Comic Duck Green T-shirt,Mickey,6614
17719,Men,Apparel,Topwear,Shirts,White,Fall,2011.0,Casual,Reid & Taylor Men Check White Shirt,Reid,17275
58570,Men,Apparel,Topwear,Tshirts,Green,Summer,2012.0,Casual,Puma Men Green T-shirt,Puma,23432
6006,Men,Apparel,Topwear,Shirts,Red,Summer,2011.0,Casual,Highlander Men White Red Checked Slim Fit Shirt,Highlander,9927
10572,Men,Apparel,Topwear,Sweaters,Red,Fall,2011.0,Casual,Puma Men Knitted Red Sweaters,Puma,21393
19817,Men,Apparel,Topwear,Sweatshirts,Blue,Winter,2016.0,Casual,U.S. Polo Assn. Men Solid Blue Sweatshirt,U.S.,20374
53799,Men,Apparel,Topwear,Tshirts,Red,Summer,2012.0,Casual,Puma Men Red T-shirt,Puma,23432
8277,Men,Apparel,Topwear,Tshirts,White,Fall,2011.0,Casual,Mr.Men Men's White Purple T-shirt,Mr.Men,6614
21386,Men,Apparel,Topwear,Tshirts,Red,Fall,2011.0,Casual,Manchester United Men Printed Red T-shirt,Manchester,10182
16289,Men,Apparel,Topwear,Tshirts,Blue,Fall,2011.0,Casual,Peter England Men Printed Blue TShirt,Peter,6614
39790,Men,Apparel,Topwear,Shirts,Blue,Summer,2012.0,Formal,Peter England Men Blue Formal Shirt,Peter,9162
26064,Men,Apparel,Topwear,Shirts,Blue,Summer,2012.0,Formal,John Miller Men Check Blue Shirt,John,8143
16634,Men,Apparel,Topwear,Tshirts,Green,Summer,2016.0,Casual,Facit Men Smart Green Tshirt,Facit,4066
2842,Men,Apparel,Topwear,Tshirts,Grey,Summer,2011.0,Casual,Mr.Men Men's Mr.Mischief Grey T-shirt,Mr.Men,5595
3535,Men,Apparel,Topwear,Tshirts,Navy Blue,Summer,2011.0,Casual,Myntra Men's Saadhu Starter Kit Navy Blue T-shirt,Myntra,4066
34332,Men,Apparel,Topwear,Tshirts,Purple,Summer,2012.0,Casual,Myntra Men Purple T-shirt,Myntra,4066
9589,Men,Apparel,Topwear,Shirts,White,Fall,2011.0,Formal,Indigo Nation Men cotton White Shirts,Indigo,8653
16494,Men,Apparel,Topwear,Tshirts,Black,Fall,2011.0,Casual,LOCOMOTIVE Men Black Printed Round Neck T-shirt,LOCOMOTIVE,4627
44885,Men,Apparel,Topwear,Tshirts,Navy Blue,Summer,2012.0,Casual,Puma Men Navy Blue Striped Polo neck T-shirt,Puma,15278
13094,Men,Apparel,Topwear,Sweaters,Grey,Fall,2011.0,Casual,ADIDAS Men Badge P/O Grey Sweaters,ADIDAS,24451
18229,Men,Apparel,Topwear,Tshirts,Red,Fall,2011.0,Casual,Manchester United Men Printed Red Tshirt,Manchester,10182
9552,Men,Apparel,Topwear,Tshirts,Red,Summer,2011.0,Sports,Nike Men As Race Day Ss Red T-Shirts,Nike,19314
27365,Men,Apparel,Topwear,Tshirts,Maroon,Fall,2011.0,Casual,Tantra Men Digi Skull Maroon T-shirt,Tantra,6614
15968,Men,Apparel,Topwear,Shirts,Black,Fall,2011.0,Casual,Turtle Check Men Black Shirt,Turtle,12179
9667,Men,Apparel,Topwear,Shirts,Purple,Fall,2011.0,Casual,Indigo Nation Men Bling Red Black Shirts,Indigo,13749
11684,Men,Apparel,Topwear,Shirts,White,Fall,2011.0,Casual,Lee Men Striped Shirt,Lee,17316
16010,Men,Apparel,Topwear,Tshirts,Green,Fall,2011.0,Casual,Turtle Stripes Men Green TShirt,Turtle,7083
25534,Men,Apparel,Topwear,Shirts,Red,Summer,2012.0,Casual,Wrangler Men American Flag Red Shirt,Wrangler,18295
13943,Men,Apparel,Topwear,Shirts,Brown,Summer,2011.0,Casual,United Colors of Benetton Men Solid Brown Shirts,United,18335
31541,Men,Apparel,Topwear,Tshirts,Grey,Summer,2012.0,Casual,Classic Polo Men Striped Grey T-shirt,Classic,9162
15963,Men,Apparel,Topwear,Jackets,Grey,Fall,2011.0,Casual,Turtle Solid Men Black Jacket,Turtle,35622
23952,Men,Apparel,Topwear,Sweaters,Blue,Fall,2011.0,Casual,Provogue Men Blue Sweater,Provogue,23432
14315,Men,Apparel,Topwear,Tshirts,Black,Fall,2011.0,Sports,ADIDAS Men Solid Black Jerseys,ADIDAS,11201
23137,Men,Apparel,Topwear,Sweatshirts,Beige,Fall,2011.0,Casual,Quechua Men Warm Fleece Beige Sweatshirt,Quechua,6105
38792,Men,Apparel,Topwear,Tshirts,Green,Summer,2012.0,Casual,Che Guevara Men Green T-shirt,Che,5595
20786,Men,Apparel,Topwear,Sweatshirts,White,Fall,2011.0,Casual,Classic Polo Men Striped White Sweatshirt,Classic,13239
2849,Men,Apparel,Topwear,Tshirts,Grey,Summer,2011.0,Casual,Mr.Men Men's Mr.Messy Lt Grey T-shirt,Mr.Men,5085
11466,Men,Apparel,Topwear,Tshirts,Navy Blue,Summer,2011.0,Casual,United Colors of Benetton Men Solid Navy Blue Polo Tshirt,United,16297
17171,Men,Apparel,Topwear,Shirts,Grey,Fall,2011.0,Casual,U.S. Polo Assn. Men Checks Grey Shirt,U.S.,20374
30749,Men,Apparel,Topwear,Kurtas,White,Summer,2012.0,Ethnic,Fabindia Men White Kurta,Fabindia,7746
9546,Men,Apparel,Topwear,Tshirts,Purple,Fall,2011.0,Sports,Nike Men As Elite Ultimate Ss Training Purple T-Shirts,Nike,26449
28568,Men,Apparel,Topwear,Tshirts,White,Summer,2012.0,Casual,Nike Men Verbiage White T-shirt,Nike,9122
10842,Men,Apparel,Topwear,Tshirts,Grey,Fall,2011.0,Casual,Wrangler Men Celebrate Polo Grey T-Shirt,Wrangler,12179
12917,Men,Apparel,Topwear,Sweaters,White,Fall,2011.0,Casual,Spykar Men Stripe White Sweaters,Spykar,16297
12179,Men,Apparel,Topwear,Shirts,White,Fall,2011.0,Casual,Basics Men White Slim Fit Striped Shirt,Basics,15278
8610,Men,Apparel,Topwear,Tshirts,Black,Fall,2011.0,Casual,Scullers Men Black Polo T-Shirts,Scullers,15278
13421,Men,Apparel,Topwear,Tshirts,Black,Summer,2011.0,Casual,United Colors of Benetton Men Stripes Black Polo T-shirts,United,16297
28548,Men,Apparel,Topwear,Tshirts,White,Summer,2012.0,Casual,Nike Men White T-shirt,Nike,11160
8820,Men,Apparel,Topwear,Shirts,White,Fall,2011.0,Casual,Spykar Men Ranger White Full Shirts,Spykar,17316
36185,Men,Apparel,Topwear,Tshirts,Red,Summer,2012.0,Casual,Reid & Taylor Men Red Polo T-shirt,Reid,12179
17550,Men,Apparel,Topwear,Shirts,Red,Fall,2011.0,Formal,Mark Taylor Men Red & White Striped Shirt,Mark,5289
7004,Men,Apparel,Topwear,Tshirts,Blue,Summer,2011.0,Casual,s.Oliver Men's What Up Cracker Blue T-shirt,s.Oliver,7124
7441,Men,Apparel,Topwear,Tshirts,Grey,Summer,2011.0,Casual,Proline Men Grey Striped T-shirt,Proline,6105
16899,Men,Apparel,Topwear,Tshirts,Black,Fall,2011.0,Casual,Status Quo Men Black Polo Tshirt,Status,10182
19849,Men,Apparel,Topwear,Shirts,Blue,Fall,2011.0,Casual,U.S. Polo Assn. Men Solid Blue Shirt,U.S.,20374
20958,Men,Apparel,Topwear,Tshirts,Grey,Fall,2011.0,Casual,s.Oliver Men Solid Grey Tshirt,s.Oliver,18335
33953,Men,Apparel,Topwear,Tshirts,Blue,Summer,2012.0,Casual,ADIDAS Men Blue Polo T-shirt,ADIDAS,24451
37741,Men,Apparel,Topwear,Shirts,Blue,Summer,2012.0,Casual,John Players Men Stripes Blue Shirt,John,11201
16640,Men,Apparel,Topwear,Tshirts,Green,Summer,2016.0,Casual,Facit Men Smart Green Tshirt,Facit,4066
7793,Men,Apparel,Topwear,Tshirts,Purple,Fall,2011.0,Casual,Proline Men Purple Polo T-shirt,Proline,5085
13753,Men,Apparel,Topwear,Shirts,Blue,Fall,2011.0,Formal,Belmonte Men Check Blue Shirts,Belmonte,13199
9875,Men,Apparel,Topwear,Shirts,Purple,Fall,2011.0,Casual,Indigo Nation Men Price catch Purple Shirts,Indigo,10182
4246,Men,Apparel,Topwear,Tshirts,Green,Summer,2011.0,Casual,Probase Men's I'M So Broke Green T-shirt,Probase,4066
31781,Men,Apparel,Topwear,Shirts,Red,Summer,2012.0,Casual,Lee Men Henry Red Check Shirt,Lee,16297
7921,Men,Apparel,Topwear,Tshirts,Maroon,Fall,2011.0,Casual,Proline Maroon Polo T-shirt,Proline,7124
18631,Men,Apparel,Topwear,Tshirts,Navy Blue,Fall,2011.0,Casual,Puma Men GP Speed Navy Blue Tshirts,Puma,9162
10665,Men,Apparel,Topwear,Tshirts,Black,Fall,2011.0,Casual,Doodle Boy Extream Racer Black Tshirts,Doodle,3557
4840,Men,Apparel,Topwear,Tshirts,Red,Summer,2011.0,Casual,Sher Singh Men's Red Polo T-shirt,Sher,15278
14526,Men,Apparel,Topwear,Shirts,Blue,Fall,2011.0,Formal,Mark Taylor Men Aqua Blue & White Grey Striped Shirt,Mark,5289
15647,Men,Apparel,Topwear,Tshirts,Black,Fall,2011.0,Sports,Nike Men Runng Black Jerseys,Nike,13199
18491,Men,Apparel,Topwear,Jackets,Black,Fall,2011.0,Sports,Nike Men Sideline Black Jacket,Nike,25429
37133,Men,Apparel,Topwear,Shirts,Black,Summer,2012.0,Formal,Wills Lifestyle Men ClubLife Black Shirt,Wills,20374
9955,Men,Apparel,Topwear,Tshirts,Blue,Fall,2011.0,Sports,Nike Men Blue Polo Tshirts,Nike,20333
20178,Men,Apparel,Topwear,Shirts,Green,Fall,2011.0,Casual,Wrangler Men Tiny Green Shirt,Wrangler,17275
5281,Men,Apparel,Topwear,Tshirts,Blue,Summer,2011.0,Casual,Classic Polo Men's Blue Green Logo Polo T-shirt,Classic,8143
31382,Men,Apparel,Topwear,Tshirts,White,Summer,2012.0,Casual,Locomotive Men Printed White T-shirt,Locomotive,5289
7891,Men,Apparel,Topwear,Tshirts,Cream,Fall,2011.0,Casual,Proline Men Pack of 3 T-shirts,Proline,7124
24283,Men,Apparel,Topwear,Shirts,Red,Summer,2012.0,Casual,Quiksilver Men Red Check Shirt,Quiksilver,36641
38618,Men,Apparel,Topwear,Tshirts,White,Summer,2012.0,Casual,Nike Men White 3D Neon Tee T-shirt,Nike,13199
42584,Men,Apparel,Topwear,Tshirts,White,Summer,2012.0,Casual,United Colors of Benetton Men White T-shirt,United,14259
28538,Men,Apparel,Topwear,Tshirts,Charcoal,Summer,2012.0,Sports,Nike Men Challenger Charcoal T-shirt,Nike,15237
10839,Men,Apparel,Topwear,Tshirts,Navy Blue,Fall,2011.0,Casual,Wrangler Men N0. 3 Applique Polo Navy Blue T-Shirts,Wrangler,12179
14677,Men,Apparel,Topwear,Shirts,Navy Blue,Fall,2011.0,Casual,Basics Men Navy Slim Fit Shirt,Basics,17316
16427,Men,Apparel,Topwear,Tshirts,Purple,Fall,2011.0,Casual,Levi's Men Printed Purple Tshirts,Levi's,10182
23193,Men,Apparel,Topwear,Shirts,Green,Fall,2011.0,Casual,Highlander Men Green Check Shirt,Highlander,10589
24069,Men,Apparel,Topwear,Shirts,Black,Fall,2011.0,Casual,Locomotive Men Checked Black Shirt,Locomotive,9927
17165,Men,Apparel,Topwear,Shirts,Maroon,Fall,2011.0,Formal,U.S. Polo Assn. Men Maroon & White Check Shirt,U.S.,19355
8393,Men,Apparel,Topwear,Tshirts,White,Fall,2012.0,Sports,ADIDAS Men White T-shirt,ADIDAS,10182
16442,Men,Apparel,Topwear,Sweatshirts,Black,Fall,2011.0,Casual,Levis Men Printed Black Sweatshirts,Levis,22412
16901,Men,Apparel,Topwear,Tshirts,Green,Fall,2011.0,Casual,Status Quo Men Green Polo Tshirt,Status,10182
19336,Men,Apparel,Topwear,Jackets,Grey,Fall,2011.0,Casual,United Colors of Benetton Men Solid Grey Jacket,United,35662
2009,Men,Apparel,Topwear,Tshirts,White,Fall,2010.0,Casual,ADIDAS Mens Classic White Polo T-shirt,ADIDAS,14259
14989,Men,Apparel,Topwear,Sweatshirts,Blue,Fall,2011.0,Casual,ADIDAS Men Solid Aqua Blue Sweatshirts,ADIDAS,19355
51412,Men,Apparel,Topwear,Shirts,Lavender,Summer,2012.0,Formal,Myntra Men Lavender Striped Shirt,Myntra,7124
8589,Men,Apparel,Topwear,Shirts,Blue,Fall,2011.0,Casual,Scullers Men Scul Blue Shirts,Scullers,22922
19339,Men,Apparel,Topwear,Jackets,Black,Fall,2011.0,Casual,United Colors of Benetton Men Solid Black Jacket,United,48912
3197,Men,Apparel,Topwear,Tshirts,Maroon,Summer,2011.0,Casual,Tantra Men's Re-Incarnation Burgendy T-shirt,Tantra,4576
10490,Men,Apparel,Topwear,Shirts,Navy Blue,Fall,2011.0,Casual,Flying Machine Men HS Blue Shirts,Flying,14259
9593,Men,Apparel,Topwear,Shirts,White,Fall,2011.0,Casual,Scullers Men Scul White Shirts,Scullers,14259
20262,Men,Apparel,Topwear,Tshirts,Navy Blue,Fall,2011.0,Casual,Wrangler Men Tee Navy Blue T-shirt,Wrangler,9631
12210,Men,Apparel,Topwear,Tshirts,Orange,Fall,2011.0,Casual,Basics Men Orange Striped Polo T-shirt,Basics,10182
5169,Men,Apparel,Topwear,Tshirts,White,Summer,2011.0,Casual,Ed Hardy Men's Brave Hearts Stay True Grey T-shirt,Ed,40759
43491,Men,Apparel,Topwear,Tshirts,White,Summer,2012.0,Casual,French Connection Men White T-shirt,French,15278
28615,Men,Apparel,Topwear,Tshirts,Black,Summer,2012.0,Sports,Nike Men Black T-shirt,Nike,16256
9611,Men,Apparel,Topwear,Shirts,White,Fall,2011.0,Formal,Indigo Nation Men Price catch Green White Shirts,Indigo,10691
3263,Men,Apparel,Topwear,Tshirts,Yellow,Summer,2011.0,Casual,Guerrilla Men's Need Money Yellow T-shirt,Guerrilla,5045
7127,Men,Apparel,Topwear,Tshirts,Orange,Fall,2011.0,Casual,Urban Yoga Men's Orange T-shirt,Urban,6105
37119,Men,Apparel,Topwear,Shirts,White,Summer,2012.0,Formal,Wills Classic Men White Striped Shirt,Wills,19355
3082,Men,Apparel,Topwear,Tshirts,Navy Blue,Summer,2011.0,Casual,Probase Men's Cartoon Navy T-shirt,Probase,3047
33492,Men,Apparel,Topwear,Shirts,Blue,Summer,2012.0,Casual,Doodle Kids Boy Check Blue Shirt,Doodle,9162
20334,Men,Apparel,Topwear,Tshirts,Blue,Fall,2011.0,Casual,Mr.Men Men Printed Blue Tshirt,Mr.Men,6614
25555,Men,Apparel,Topwear,Tshirts,Blue,Summer,2012.0,Casual,Wrangler Men Biker Blue T-shirt,Wrangler,10141
24684,Men,Apparel,Topwear,Shirts,Navy Blue,Fall,2011.0,Casual,Highlander Men Navy Blue Check Shirt,Highlander,9927
4088,Men,Apparel,Topwear,Tshirts,Purple,Summer,2011.0,Casual,Classic Polo Men's Purple With Black White Stripes T-shirt,Classic,6105
31358,Men,Apparel,Topwear,Tshirts,Brown,Fall,2012.0,Casual,Locomotive Brown Printed T-Shirt,Locomotive,5289
3880,Men,Apparel,Topwear,Tshirts,Grey,Summer,2011.0,Casual,Wrangler Men's Burnt Out Grey T-shirt,Wrangler,7083
27649,Men,Apparel,Topwear,Tshirts,Blue,Summer,2012.0,Casual,Superman Men Printed Blue T-shirt,Superman,6105
8814,Men,Apparel,Topwear,Shirts,Blue,Fall,2011.0,Casual,Spykar Men Ranger Blue Black Check Shirts,Spykar,16297
28858,Men,Apparel,Topwear,Tshirts,Cream,Fall,2013.0,Casual,Proline Men Cream T-shirt,Proline,5085
3718,Men,Apparel,Topwear,Tshirts,Grey,Summer,2011.0,Casual,Lee Men Grey Polo T-shirt,Lee,8143
9666,Men,Apparel,Topwear,Shirts,Blue,Fall,2011.0,Casual,Indigo Nation Men Bling Blue Shirts,Indigo,13749
15141,Men,Apparel,Topwear,Shirts,Blue,Fall,2011.0,Casual,Arrow Sport Men Check Blue Slim Fit Shirt,Arrow,18335
56753,Men,Apparel,Topwear,Tshirts,Navy Blue,Summer,2012.0,Casual,Horsefly Men Navy Blue T-shirt,Horsefly,5952
4423,Men,Apparel,Topwear,Tshirts,Navy Blue,Summer,2011.0,Casual,Wrangler Men's Rover Med Stripe Polo Navy T-shirt,Wrangler,9122
20008,Men,Apparel,Topwear,Tshirts,Orange,Fall,2011.0,Casual,United Colors of Benetton Men Printed Orange TShirt,United,10182
10858,Men,Apparel,Topwear,Tshirts,White,Fall,2011.0,Casual,Wrangler Men Furious Rides White T-Shirts,Wrangler,11160
5861,Men,Apparel,Topwear,Tshirts,Black,Summer,2011.0,Casual,ADIDAS Men's 16th Polo Black T-shirt,ADIDAS,15278
18321,Men,Apparel,Topwear,Shirts,Purple,Fall,2011.0,Casual,Wills Lifestyle Men Check Purple Shirt,Wills,20374
7768,Men,Apparel,Topwear,Tshirts,Grey,Summer,2011.0,Sports,Nike Men's As Vapor Ulti Grey Black T-Shirt,Nike,25429
32200,Men,Apparel,Topwear,Kurtas,Red,Summer,2012.0,Ethnic,Fabindia Men Printed Red Kurta,Fabindia,7032
38615,Men,Apparel,Topwear,Tshirts,Black,Summer,2012.0,Casual,Nike Men Printed Mamba Black T-shirt,Nike,13199
26303,Men,Apparel,Topwear,Tshirts,Blue,Summer,2012.0,Casual,Proline Men Blue Striped Polo T-shirt,Proline,7124
10015,Men,Apparel,Topwear,Tshirts,White,Fall,2011.0,Casual,Locomotive Men American Glory White Tshirts,Locomotive,4627
40092,Men,Apparel,Topwear,Tshirts,Navy Blue,Summer,2012.0,Sports,ADIDAS Men Navy Blue T-shirt,ADIDAS,13239
40265,Men,Apparel,Topwear,Tshirts,Purple,Summer,2012.0,Casual,Scullers Men Purple T-shirt,Scullers,11201
16549,Men,Apparel,Topwear,Shirts,Blue,Fall,2011.0,Casual,Basics Men Blue Slim Fit Checked Shirt,Basics,15278
16416,Men,Apparel,Topwear,Tshirts,Grey,Fall,2011.0,Casual,Levi's Men Stripes Grey Tshirts,Levi's,16297
16648,Men,Apparel,Topwear,Tshirts,Navy Blue,Summer,2016.0,Casual,Facit Men Polo Tee Navy Blue Tshirt,Facit,4066
27594,Men,Apparel,Topwear,Tshirts,Blue,Summer,2012.0,Casual,Scullers Men Navy Blue polo T-shirt,Scullers,10182
3768,Men,Apparel,Topwear,Tshirts,Red,Summer,2011.0,Casual,Status Quo Men's Red Polo T-shirt,Status,8143
10435,Men,Apparel,Topwear,Shirts,Red,Fall,2011.0,Casual,Flying Machine Men HS Red Shirts,Flying,12220
16461,Men,Apparel,Topwear,Shirts,Blue,Fall,2011.0,Casual,Locomotive Men Check Navy Blue Shirt,Locomotive,10589
19851,Men,Apparel,Topwear,Shirts,Purple,Fall,2011.0,Casual,U.S. Polo Assn. Men Solid Purple Shirt,U.S.,19355
15001,Men,Apparel,Topwear,Tshirts,Navy Blue,Fall,2011.0,Casual,ADIDAS Men Stripes Navy Blue Polo Tshirts,ADIDAS,13239
51400,Men,Apparel,Topwear,Shirts,Yellow,Summer,2012.0,Formal,Myntra Men Yellow Shirt,Myntra,6105
2024,Men,Apparel,Topwear,Tshirts,Red,Fall,2010.0,Casual,ADIDAS Mens Fitted Red T-shirt,ADIDAS,9162
22405,Men,Apparel,Topwear,Shirts,White,Fall,2011.0,Casual,Mark Taylor Men Striped White Shirt,Mark,5289
13743,Men,Apparel,Topwear,Shirts,Black,Fall,2011.0,Casual,Belmonte Men Check Black Shirts,Belmonte,13199
22338,Men,Apparel,Topwear,Tshirts,Black,Fall,2011.0,Casual,John Players Men Solid Black Polo T-Shirt,John,10182
12295,Men,Apparel,Topwear,Shirts,White,Fall,2011.0,Formal,Genesis Men Solid White Shirts,Genesis,14259
11273,Men,Apparel,Topwear,Jackets,Blue,Fall,2011.0,Casual,Nike Men  Blue Jacket,Nike,40718
18231,Men,Apparel,Topwear,Tshirts,Navy Blue,Fall,2011.0,Casual,Manchester United Men Printed Navy Blue Tshirt,Manchester,10182
11698,Men,Apparel,Topwear,Shirts,Blue,Fall,2011.0,Casual,Lee Men Check Blue Shirts,Lee,18335
30297,Men,Apparel,Topwear,Tshirts,Off White,Summer,2012.0,Casual,Myntra Men Grand Sport Off White T-shirt,Myntra,4066
30785,Men,Apparel,Topwear,Kurtas,Blue,Summer,2012.0,Ethnic,Fabindia Men Printed Blue Kurta,Fabindia,4688
4841,Men,Apparel,Topwear,Tshirts,White,Summer,2011.0,Casual,Sher Singh Men's India White Polo T-shirt,Sher,15278
11743,Men,Apparel,Topwear,Tshirts,Green,Fall,2011.0,Casual,Lee Men Green Polo Tshirts,Lee,11710
30760,Men,Apparel,Topwear,Kurtas,Red,Summer,2012.0,Ethnic,Fabindia Men Printed Red Kurta,Fabindia,7032
30761,Men,Apparel,Topwear,Kurtas,Black,Summer,2012.0,Ethnic,Fabindia Men Printed Black Kurta,Fabindia,7032
26470,Men,Apparel,Topwear,Tshirts,Black,Summer,2012.0,Casual,Puma Men Heroes Black T-shirt,Puma,11201
8856,Men,Apparel,Topwear,Shirts,Purple,Fall,2011.0,Casual,Mark Taylor Men Purple Striped Shirt,Mark,5289
19327,Men,Apparel,Topwear,Sweatshirts,Navy Blue,Fall,2011.0,Casual,Myntra Men Solid Blue Sweatshirt,Myntra,8143
9245,Men,Apparel,Topwear,Shirts,Blue,Fall,2011.0,Formal,Mark Taylor Men Blue Striped Shirt,Mark,5289
26471,Men,Apparel,Topwear,Tshirts,Navy Blue,Summer,2012.0,Casual,Puma Men Classic Graphic  Navy Blue T-shirt,Puma,9162
28810,Men,Apparel,Topwear,Shirts,Blue,Summer,2012.0,Casual,Denizen Men Check Blue Shirt,Denizen,12220
22336,Men,Apparel,Topwear,Tshirts,Grey,Fall,2011.0,Casual,John Players Men Stripes Grey Polo T-Shirt,John,9162
11169,Men,Apparel,Topwear,Sweaters,Green,Fall,2011.0,Casual,Scullers Men Stripes Green Sweaters,Scullers,15278
24977,Men,Apparel,Topwear,Tshirts,Pink,Summer,2012.0,Casual,United Colors of Benetton Men Pink Printed T-shirt,United,12220
29653,Men,Apparel,Topwear,Shirts,Blue,Summer,2012.0,Formal,Indigo Nation Men Striped Blue Shirt,Indigo,12220
12185,Men,Apparel,Topwear,Shirts,Black,Fall,2011.0,Casual,Basics Men Black Slim Fit Shirt,Basics,13239
6764,Men,Apparel,Topwear,Tshirts,Blue,Summer,2011.0,Casual,Timberland Men Blue & White Striped Polo T-shirt,Timberland,25378
12274,Men,Apparel,Topwear,Shirts,Navy Blue,Fall,2011.0,Formal,Genesis Men Solid Navy Blue Shirts,Genesis,15278
6995,Men,Apparel,Topwear,Tshirts,Grey,Summer,2011.0,Casual,s.Oliver Men's Line Printed Dark Grey T-shirt,s.Oliver,13239
56734,Men,Apparel,Topwear,Tshirts,Pink,Summer,2012.0,Casual,Horsefly Men Pink T-shirt,Horsefly,4627
4418,Men,Apparel,Topwear,Tshirts,Grey,Summer,2011.0,Casual,Wrangler Men's Multicolor Striper Grey Melange T-shirt,Wrangler,12179
44348,Men,Apparel,Topwear,Shirts,Brown,Summer,2012.0,Casual,Indian Terrain Men Brown Check Shirt,Indian,15278
17562,Men,Apparel,Topwear,Shirts,Blue,Fall,2011.0,Formal,Mark Taylor Men Blue & White Striped Shirt,Mark,5289
16050,Men,Apparel,Topwear,Shirts,Navy Blue,Fall,2011.0,Casual,Highlander Men Check Navy Blue Shirt,Highlander,9927
13776,Men,Apparel,Topwear,Tshirts,Cream,Fall,2011.0,Casual,Belmonte Men Printed Cream Tshirts,Belmonte,6574
4051,Men,Apparel,Topwear,Tshirts,Yellow,Summer,2011.0,Casual,Myntra Men's Eagle Emblem Yellow T-shirt,Myntra,4066
14016,Men,Apparel,Topwear,Tshirts,White,Fall,2011.0,Sports,Nike Men Solid White Tshirts,Nike,16256
30765,Men,Apparel,Topwear,Kurtas,Beige,Summer,2012.0,Ethnic,Fabindia Men Beige Chikankari Silk Kurta,Fabindia,40667
38611,Men,Apparel,Topwear,Tshirts,Blue,Summer,2012.0,Casual,Nike Men Blue Run Free T-shirt,Nike,11160
28848,Men,Apparel,Topwear,Tshirts,Grey,Summer,2012.0,Casual,Proline Men Grey Polo T-shirt,Proline,6105
17266,Men,Apparel,Topwear,Tshirts,Green,Fall,2011.0,Casual,U.S. Polo Assn. Men Stripes Green  polo Tshirt,U.S.,14259
25763,Men,Apparel,Topwear,Suspenders,Black,Summer,2012.0,Formal,Lino Perros Men Black & Green Suspenders,Lino,8102
44838,Men,Apparel,Topwear,Tshirts,Blue,Summer,2012.0,Casual,Puma Men Blue Heroes T-shirt,Puma,11201
22407,Men,Apparel,Topwear,Shirts,White,Fall,2011.0,Casual,Mark Taylor Men Striped White Shirt,Mark,5289
3883,Men,Apparel,Topwear,Tshirts,Navy Blue,Summer,2011.0,Casual,Wrangler Men's Star Flag Pring Navy T-shirt,Wrangler,6064
1760,Men,Apparel,Topwear,Tshirts,White,Fall,2010.0,Sports,Lotto Men Marcello White T-shirt,Lotto,6105
20284,Men,Apparel,Topwear,Tshirts,Green,Summer,2016.0,Casual,Campbell Men Pack of 3 T-shirts,Campbell,5085
15994,Men,Apparel,Topwear,Shirts,Blue,Fall,2011.0,Casual,Turtle Check Men Blue Shirt,Turtle,12179
19241,Men,Apparel,Topwear,Jackets,Black,Fall,2010.0,Casual,Puma Men Lifestyle Track Black Jacket,Puma,47893
31550,Men,Apparel,Topwear,Tshirts,White,Summer,2012.0,Casual,Classic Polo Men White T-shirt,Classic,7124
53754,Men,Apparel,Topwear,Sweatshirts,Olive,Summer,2012.0,Casual,ADIDAS Men Olive Chelsea FC Sweatshirt,ADIDAS,28528
4755,Men,Apparel,Topwear,Tshirts,Brown,Summer,2011.0,Sports,ADIDAS Men's Fearless White T-shirt,ADIDAS,9162
7918,Men,Apparel,Topwear,Tshirts,Multi,Fall,2011.0,Casual,Proline Men Multicoloured Striped Polo T-shirt,Proline,8143
12311,Men,Apparel,Topwear,Shirts,Blue,Fall,2011.0,Formal,Genesis Men Blue Shirt,Genesis,17316
7053,Men,Apparel,Topwear,Shirts,Blue,Summer,2011.0,Casual,s.Oliver Men Striped Dark Blue Shirt,s.Oliver,20374
43486,Men,Apparel,Topwear,Shirts,Grey,Summer,2012.0,Casual,French Connection Men Grey Check Shirt,French,27509
14518,Men,Apparel,Topwear,Shirts,Grey,Fall,2011.0,Formal,Mark Taylor Men Grey White & Light Brown Striped Shirt,Mark,5289
5662,Men,Apparel,Topwear,Tshirts,Orange,Summer,2011.0,Casual,Tantra Men's Absolut Bangalore Mustard T-shirt,Tantra,4576
11708,Men,Apparel,Topwear,Shirts,Green,Fall,2011.0,Casual,Lee Men Check Green Shirts,Lee,18335
18988,Men,Apparel,Topwear,Tshirts,White,Summer,2011.0,Casual,ADIDAS Originals Men ST Logo White Tshirt,ADIDAS,15278
14746,Men,Apparel,Topwear,Shirts,White,Fall,2011.0,Formal,Arrow Men Stripes White Shirts,Arrow,16297
26238,Men,Apparel,Topwear,Tshirts,Blue,Summer,2012.0,Casual,Proline Men Blue Polo T-Shirt,Proline,6105
19561,Men,Apparel,Topwear,Tshirts,Purple,Summer,2011.0,Casual,United Colors of Benetton Men Solid Purple TShirt,United,11201
28927,Men,Apparel,Topwear,Tshirts,Purple,Summer,2012.0,Casual,Mr. Men Printed Purple T-shirt,Mr.,5595
3284,Men,Apparel,Topwear,Tshirts,Red,Summer,2011.0,Casual,Guerrilla Men's Move It Move On Red T-shirt,Guerrilla,5045
29039,Men,Apparel,Topwear,Tshirts,Green,Summer,2012.0,Casual,ADIDAS Men Boston Celtics Green T-shirt,ADIDAS,13239
2784,Men,Apparel,Topwear,Tshirts,Blue,Summer,2011.0,Casual,Ediots Men's Bajau Kya Radio Turquoise T-shirt,Ediots,4066
27202,Men,Apparel,Topwear,Shirts,Red,Summer,2012.0,Casual,Doodle Kids Boy Check Red Shirt,Doodle,6614
8590,Men,Apparel,Topwear,Shirts,Purple,Fall,2011.0,Casual,Scullers Men Purple Shirt,Scullers,22412
38791,Men,Apparel,Topwear,Tshirts,Blue,Summer,2012.0,Casual,Batman Men Crew Neck Blue T-shirt,Batman,6105
21404,Men,Apparel,Topwear,Tshirts,White,Fall,2011.0,Casual,Locomotive Men Printed White T-shirt,Locomotive,5289
34345,Men,Apparel,Topwear,Tshirts,Purple,Summer,2012.0,Casual,Myntra Men Purple T-shirt,Myntra,4066
10190,Men,Apparel,Topwear,Shirts,White,Fall,2011.0,Casual,Indigo Nation Men Club Poplin White Shirts,Indigo,11201
48078,Men,Apparel,Topwear,Tshirts,Blue,Summer,2012.0,Casual,French Connection Men Blue T-shirt,French,20374
39397,Men,Apparel,Topwear,Tshirts,Grey,Summer,2012.0,Casual,Peter England Men Polo Neck T-shirt,Peter,5595
23163,Men,Apparel,Topwear,Tshirts,Navy Blue,Fall,2011.0,Casual,Mark Taylor Men Navy Blue Printed T-shirt,Mark,3302
19475,Men,Apparel,Topwear,Sweatshirts,Navy Blue,Summer,2012.0,Casual,Quiksilver Men Navy Blue Nautical Sweatshirt,Quiksilver,39699
6001,Men,Apparel,Topwear,Shirts,Grey,Summer,2011.0,Casual,Highlander Men Grey Red Checked Slim Fit Shirt,Highlander,11252
15528,Men,Apparel,Topwear,Tshirts,Black,Fall,2011.0,Casual,Puma Men Scribble Black Tshirts,Puma,8143
28541,Men,Apparel,Topwear,Tshirts,Grey,Summer,2012.0,Sports,Nike Men Running Grey T-shirt,Nike,13199
10813,Men,Apparel,Topwear,Shirts,Black,Fall,2011.0,Casual,Wrangler Men Dirt Rider Check Black Shirts,Wrangler,14218
26045,Men,Apparel,Topwear,Shirts,Purple,Summer,2012.0,Formal,John Miller Men Purple Shirt,John,11201
16354,Men,Apparel,Topwear,Shirts,White,Fall,2011.0,Formal,Peter England Men Solid White Shirt,Peter,12220
17278,Men,Apparel,Topwear,Tshirts,Grey,Fall,2011.0,Casual,U.S. Polo Assn. Men Printed  Steeple Grey Tshirt,U.S.,10182
12030,Men,Apparel,Topwear,Shirts,White,Fall,2011.0,Formal,Mark Taylor Men White Red Striped Shirt,Mark,5289
46741,Men,Apparel,Topwear,Tshirts,Grey,Fall,2012.0,Casual,Nike Men Grey T-shirt,Nike,9122
1678,Men,Apparel,Topwear,Tshirts,Green,Fall,2010.0,Casual,Reebok Men Play Hard Cotton Green T-shirt,Reebok,8143
6023,Men,Apparel,Topwear,Tshirts,Green,Summer,2011.0,Casual,UCB Men's Johny Collar With Two Tone Green T-shirt,UCB,9162
30796,Men,Apparel,Topwear,Shirts,Maroon,Summer,2012.0,Ethnic,Fabindia Men Striped Maroon Shirt,Fabindia,6421
1540,Men,Apparel,Topwear,Tshirts,Blue,Fall,2010.0,Casual,Puma Men Ferrari Vintage Black Polo T-shirt,Puma,28528
24846,Men,Apparel,Topwear,Jackets,Grey,Summer,2015.0,Casual,Wildcraft Men Grey Wind Cheater Jacket,Wildcraft,10141
3198,Men,Apparel,Topwear,Tshirts,Cream,Summer,2011.0,Casual,Tantra Men's Love India Cream T-shirt,Tantra,4576
12950,Men,Apparel,Topwear,Shirts,White,Fall,2011.0,Casual,Basics Men White Slim Fit Checked Shirt,Basics,15278
12945,Men,Apparel,Topwear,Shirts,Brown,Fall,2011.0,Casual,Basics Men Brown Slim Fit Shirt,Basics,15278
57931,Men,Apparel,Topwear,Tshirts,Grey Melange,Summer,2012.0,Casual,French Connection Men Grey Melange T-shirt,French,17316
39698,Men,Apparel,Topwear,Shirts,White,Summer,2012.0,Casual,Spykar Men Ranger White Shirt,Spykar,17316
13764,Men,Apparel,Topwear,Shirts,White,Fall,2011.0,Casual,Belmonte Men Check White Shirts,Belmonte,11160
19392,Men,Apparel,Topwear,Tshirts,Black,Summer,2011.0,Sports,ADIDAS Men Solid Black Jersey,ADIDAS,10182
11776,Men,Apparel,Topwear,Tshirts,Grey,Fall,2011.0,Casual,Lee Men Printed Grey Tshirts,Lee,14259
21236,Men,Apparel,Topwear,Shirts,Blue,Fall,2011.0,Casual,Highlander Men Blue Check Shirt,Highlander,9264
14646,Men,Apparel,Topwear,Tshirts,Maroon,Fall,2011.0,Casual,Probase Men Funky Music Maroon Tshirts,Probase,4066
26263,Men,Apparel,Topwear,Tshirts,Blue,Summer,2013.0,Casual,Proline Men Blue Polo T-Shirt,Proline,6105
2132,Men,Apparel,Topwear,Shirts,Brown,Spring,2011.0,Casual,Basics Men Brown Slim Fit Shirt,Basics,12730
37772,Men,Apparel,Topwear,Shirts,Blue,Summer,2012.0,Casual,John Players Men Gingham Blue Shirt,John,8143
3914,Men,Apparel,Topwear,Tshirts,Black,Summer,2011.0,Casual,Urban Yoga Men's Mind Body Soul Black T-shirt,Urban,4576
27587,Men,Apparel,Topwear,Tshirts,Yellow,Summer,2012.0,Casual,Scullers Men Yellow & Navy Blue Striped T-shirt,Scullers,10182
30357,Men,Apparel,Topwear,Tshirts,Off White,Summer,2012.0,Casual,Myntra Men Rare Breed Off White T-shirt,Myntra,4066
11162,Men,Apparel,Topwear,Shirts,Black,Fall,2011.0,Formal,John Miller Men Solid Black Shirts,John,10691
15327,Men,Apparel,Topwear,Tshirts,Blue,Fall,2011.0,Casual,Nike Men Stripes Blue Tshirts,Nike,20333
5983,Men,Apparel,Topwear,Shirts,Green,Summer,2011.0,Casual,Highlander Men Green Checked Slim Fit Shirt,Highlander,11252
10341,Men,Apparel,Topwear,Tshirts,Pink,Fall,2011.0,Casual,United Colors of Benetton Men Printed Pink Tshirts,United,12220
23207,Men,Apparel,Topwear,Shirts,Blue,Fall,2011.0,Casual,Highlander Men Blue Check Shirt,Highlander,9927
13963,Men,Apparel,Topwear,Shirts,White,Summer,2011.0,Formal,John Miller Men Stripes White Shirts,John,10182
13392,Men,Apparel,Topwear,Shirts,Blue,Summer,2011.0,Casual,United Colors of Benetton Men Check Blue Shirts,United,20374
15472,Men,Apparel,Topwear,Tshirts,Blue,Fall,2011.0,Casual,Puma Men Logo Blue Tshirts,Puma,8143
56697,Men,Apparel,Topwear,Kurtas,Black,Summer,2012.0,Ethnic,Fabindia Men Black Kurta,Fabindia,4994
30650,Men,Apparel,Topwear,Tshirts,Black,Summer,2012.0,Casual,Nike Men Printed Black T-shirt,Nike,16256
16045,Men,Apparel,Topwear,Shirts,White,Fall,2011.0,Casual,Highlander Men Check White Shirt,Highlander,11914
5865,Men,Apparel,Topwear,Tshirts,Black,Summer,2011.0,Casual,ADIDAS Men's Twelve Faster T-shirt,ADIDAS,10182
26236,Men,Apparel,Topwear,Tshirts,Blue,Summer,2012.0,Sports,Proline Men Blue T-shirt,Proline,7124
32766,Men,Apparel,Topwear,Shirts,White,Summer,2012.0,Formal,John Miller Men Striped White Shirt,John,8653
17186,Men,Apparel,Topwear,Shirts,Maroon,Winter,2016.0,Casual,U.S. Polo Assn. Men Checks Maroon Shirt,U.S.,17316
31460,Men,Apparel,Topwear,Tshirts,White,Summer,2012.0,Sports,Nike Men Cricket Off White T-shirt,Nike,8102
12801,Men,Apparel,Topwear,Tshirts,Red,Fall,2011.0,Sports,Nike Men Red Manchester United Jersey,Nike,33583
18929,Men,Apparel,Topwear,Tshirts,Red,Fall,2011.0,Casual,Levi's Men Graphic Print Red Tshirt,Levi's,12220
8315,Men,Apparel,Topwear,Tshirts,Blue,Spring,2013.0,Casual,Wildcraft Men Organic Cotton Blue T-shirt,Wildcraft,6064
20785,Men,Apparel,Topwear,Sweatshirts,White,Fall,2011.0,Casual,Classic Polo Men Striped White Sweatshirt,Classic,13239
13420,Men,Apparel,Topwear,Tshirts,Purple,Summer,2011.0,Casual,United Colors of Benetton Men Solid Purple  polo T-shirts,United,13239
48068,Men,Apparel,Topwear,Tshirts,Grey Melange,Fall,2012.0,Casual,French Connection Grey T-shirt,French,17316
26419,Men,Apparel,Topwear,Shirts,Green,Summer,2012.0,Casual,Turtle Men Check Green Shirt,Turtle,12179
10723,Men,Apparel,Topwear,Tshirts,White,Summer,2012.0,Sports,Nike Men Trainng Men's tshirt White Tshirts,Nike,8102
24342,Men,Apparel,Topwear,Tshirts,Black,Fall,2011.0,Sports,ADIDAS Men Black T-shirt,ADIDAS,9162
12173,Men,Apparel,Topwear,Shirts,Black,Fall,2011.0,Casual,Basics Men Black Slim Fit Checked Shirt,Basics,13239
3268,Men,Apparel,Topwear,Tshirts,Grey,Summer,2011.0,Casual,Guerrilla Men's Judgement Day Grey T-shirt,Guerrilla,5045
33298,Men,Apparel,Topwear,Shirts,White,Summer,2012.0,Casual,Arrow Sport Men White Striped Shirt,Arrow,17316
31644,Men,Apparel,Topwear,Shirts,Black,Summer,2012.0,Formal,Indigo Nation Men Black Shirt,Indigo,13749
10461,Men,Apparel,Topwear,Tshirts,White,Fall,2011.0,Casual,Flying Machine Men White Polo Tshirts,Flying,9162
19957,Men,Apparel,Topwear,Sweaters,Grey,Fall,2011.0,Casual,United Colors of Benetton Men Grey Sweater,United,25470
22341,Men,Apparel,Topwear,Tshirts,Green,Fall,2011.0,Casual,John Players Men Printed Green T-Shirt,John,11201
19850,Men,Apparel,Topwear,Shirts,Purple,Fall,2011.0,Casual,U.S. Polo Assn. Men Purple Shirt,U.S.,20374
14511,Men,Apparel,Topwear,Shirts,Blue,Fall,2011.0,Formal,Mark Taylor Men Blue Striped Shirt,Mark,5289
4364,Men,Apparel,Topwear,Tshirts,Grey,Summer,2011.0,Casual,Free Authority Men's Paris Records Light Grey T-shirt,Free,6105
16426,Men,Apparel,Topwear,Tshirts,Green,Fall,2011.0,Casual,Levi's Men Printed Green Tshirts,Levi's,10182
6698,Men,Apparel,Topwear,Tshirts,Pink,Summer,2011.0,Casual,UCB Men's Polo Neck Logo At Chest Pink T-shirt,UCB,8143
17280,Men,Apparel,Topwear,Tshirts,Red,Fall,2011.0,Casual,U.S. Polo Assn. Men Red T-shirt,U.S.,10182
8773,Men,Apparel,Topwear,Shirts,White,Fall,2011.0,Casual,Indigo Nation Men Price catch Yellow Shirts,Indigo,9162
30106,Men,Apparel,Topwear,Shirts,Navy Blue,Summer,2012.0,Casual,Flying Machine Men Navy Blue Shirt,Flying,12220
23033,Men,Apparel,Topwear,Shirts,Pink,Fall,2011.0,Formal,Arrow Men Pink Striped Shirt,Arrow,18335
7647,Men,Apparel,Topwear,Tshirts,Black,Fall,2011.0,Sports,Puma Men's Ducati One Ups Black T-shirt,Puma,19355
27529,Men,Apparel,Topwear,Shirts,Blue,Summer,2012.0,Casual,Scullers Men Check Blue Shirt,Scullers,17316
43060,Men,Apparel,Topwear,Tshirts,White,Summer,2012.0,Casual,Nike Men White FFF T-shirt,Nike,14218
16005,Men,Apparel,Topwear,Sweaters,Grey,Fall,2011.0,Casual,Turtle Stripes Men Grey Sweaters,Turtle,16256
12930,Men,Apparel,Topwear,Tshirts,Navy Blue,Fall,2011.0,Casual,Classic Polo Men Club Navy Blue Tshirts,Classic,9162
5527,Men,Apparel,Topwear,Tshirts,Purple,Summer,2011.0,Casual,Mr.Men Men's Mr.Funny Purple T-shirt,Mr.Men,5085
4081,Men,Apparel,Topwear,Tshirts,Grey,Summer,2011.0,Casual,Inkfruit Men's Type Bee Grey Melange T-shirt,Inkfruit,5085
24525,Men,Apparel,Topwear,Shirts,White,Fall,2011.0,Casual,Mother Earth Men White Shirt,Mother,9672
46406,Men,Apparel,Topwear,Tshirts,Green,Summer,2012.0,Casual,ADIDAS Men Green Printed T-shirt,ADIDAS,12220
2853,Men,Apparel,Topwear,Tshirts,White,Summer,2011.0,Casual,Mr.Men Printed White T-shirt,Mr.Men,5595
5907,Men,Apparel,Topwear,Tshirts,Black,Summer,2011.0,Casual,Puma Men's Massa Lifestyle Black T-shirt,Puma,17316
19981,Men,Apparel,Topwear,Tshirts,White,Summer,2011.0,Casual,United Colors of Benetton Men Printed White TShirt,United,11201
13827,Men,Apparel,Topwear,Sweaters,Black,Fall,2011.0,Casual,Indigo Nation Men Solid Black Sweaters,Indigo,15278
29049,Men,Apparel,Topwear,Tshirts,Grey,Summer,2012.0,Casual,ADIDAS Men Graphic Grey T-shirt,ADIDAS,12220
59305,Men,Apparel,Topwear,Shirts,Blue,Fall,2012.0,Casual,U.S. Polo Assn. Denim Co. Men Red & Navy Blue Shirt,U.S.,19355
23965,Men,Apparel,Topwear,Tshirts,Green,Fall,2011.0,Casual,Peter England Men Green Printed T-shirt,Peter,4576
14015,Men,Apparel,Topwear,Tshirts,White,Fall,2011.0,Sports,Nike Men Solid Off-White Polo Jerseys,Nike,12179
8386,Men,Apparel,Topwear,Tshirts,White,Fall,2011.0,Sports,ADIDAS Men Neo Crkt Cc White Polo T-Shirts,ADIDAS,12220
9465,Men,Apparel,Topwear,Shirts,White,Fall,2011.0,Formal,John Miller Men White Self Structure Shirts,John,12220
33242,Men,Apparel,Topwear,Shirts,White,Fall,2012.0,Formal,Arrow Men White Check Shirt,Arrow,20374
3132,Men,Apparel,Topwear,Tshirts,Multi,Fall,2010.0,Casual,DUSG Men's Tadoba Organic Cotton Cappuccino T-shirt,DUSG,7083
40051,Men,Apparel,Topwear,Jackets,Navy Blue,Fall,2013.0,Sports,ADIDAS Men Navy Messi Track Jacket,ADIDAS,28528
41393,Men,Apparel,Topwear,Shirts,Purple,Summer,2012.0,Casual,Wrangler Men Purple Shirt,Wrangler,17275
14749,Men,Apparel,Topwear,Shirts,Lavender,Fall,2011.0,Formal,Arrow Men Stripes Lavender Shirts,Arrow,22412
25793,Men,Apparel,Topwear,Suspenders,Maroon,Summer,2012.0,Formal,Arrow Men Maroon Suspenders,Arrow,10182
27583,Men,Apparel,Topwear,Tshirts,Yellow,Summer,2012.0,Casual,Scullers Men Yellow & Navy Blue Striped T-shirt,Scullers,10182
8809,Men,Apparel,Topwear,Shirts,Black,Fall,2011.0,Casual,Scullers Men Scul Black White Shirt,Scullers,20884
16303,Men,Apparel,Topwear,Shirts,Navy Blue,Fall,2011.0,Casual,Peter England Men Check Navy Blue Shirt,Peter,13239
26077,Men,Apparel,Topwear,Shirts,Pink,Summer,2012.0,Formal,John Miller Men Check Pink Shirt,John,10182
4353,Men,Apparel,Topwear,Tshirts,Grey,Summer,2011.0,Casual,Superman Men's Superman Shield Desi Dark Grey T-shirt,Superman,5085
32415,Men,Apparel,Topwear,Tshirts,White,Summer,2012.0,Casual,ADIDAS Men Fly White T-shirt,ADIDAS,11201
14088,Men,Apparel,Topwear,Tshirts,Black,Fall,2011.0,Casual,Flying Machine Men Black Polo Tshirts,Flying,15278
5516,Men,Apparel,Topwear,Tshirts,White,Summer,2011.0,Casual,Probase Men's Crack Print Crew Challenger White T-shirt,Probase,4066
21225,Men,Apparel,Topwear,Tshirts,Grey,Summer,2012.0,Casual,Basics Men Grey Printed T-shirt,Basics,8653
3982,Men,Apparel,Topwear,Tshirts,Grey,Summer,2011.0,Casual,Mr.Men Men's Wassup Grey T-shirt,Mr.Men,6614
7458,Men,Apparel,Topwear,Tshirts,Grey,Summer,2011.0,Casual,Proline Men Grey Striped Polo T-shirt,Proline,7644
3758,Men,Apparel,Topwear,Tshirts,Green,Summer,2011.0,Casual,Status Quo Men's Buchanan Street Green T-shirt,Status,7124
15629,Men,Apparel,Topwear,Sweatshirts,Navy Blue,Fall,2011.0,Casual,Nike Men AS Squad Fleece FZ Hoody Navy Blue Sweatshirts,Nike,19314
18984,Men,Apparel,Topwear,Tshirts,Purple,Fall,2011.0,Casual,ADIDAS Originals Men Purple Polo T-shirt,ADIDAS,20374
7005,Men,Apparel,Topwear,Tshirts,Grey,Summer,2011.0,Casual,s.Oliver Men's Let Me Be Your Valentine Grey T-shirt,s.Oliver,10182
16555,Men,Apparel,Topwear,Tshirts,Navy Blue,Fall,2011.0,Casual,Basics Men Navy Printed Polo T-shirt,Basics,11201
3731,Men,Apparel,Topwear,Tshirts,Yellow,Summer,2011.0,Sports,CSK Mens Premium Jersey,CSK,30566
14913,Men,Apparel,Topwear,Tshirts,Purple,Fall,2011.0,Casual,Mr. Men Men Mr. Nonsense Purple Tshirts,Mr.,5595
22207,Men,Apparel,Topwear,Shirts,Pink,Summer,2012.0,Casual,Timberland Men Pink Shirt,Timberland,25378
9229,Men,Apparel,Topwear,Shirts,Blue,Fall,2011.0,Formal,Mark Taylor Men Blue Striped Shirt,Mark,5289
7789,Men,Apparel,Topwear,Tshirts,Blue,Fall,2011.0,Casual,Proline Men Blue Polo T-shirt,Proline,5085
37795,Men,Apparel,Topwear,Shirts,White,Summer,2012.0,Formal,John Players Men Check White & Green Shirt,John,6105
15322,Men,Apparel,Topwear,Jackets,Black,Fall,2011.0,Casual,Nike Men Solid Black Jacket,Nike,38679
59297,Men,Apparel,Topwear,Shirts,White,Fall,2012.0,Casual,U.S. Polo Assn. Men White & Navy Blue Shirt,U.S.,19355
4857,Men,Apparel,Topwear,Tshirts,Red,Summer,2011.0,Sports,Nike Men Arsenal Red Jersey,Nike,30525
10876,Men,Apparel,Topwear,Tshirts,Grey,Fall,2011.0,Casual,Wrangler Men Motor City Grey T-Shirts,Wrangler,7593
3276,Men,Apparel,Topwear,Tshirts,Brown,Summer,2011.0,Casual,Guerrilla Men's Wanted Coffee T-shirt,Guerrilla,5045
32422,Men,Apparel,Topwear,Tshirts,Black,Summer,2012.0,Casual,ADIDAS Men One Love Black T-shirt,ADIDAS,12220
29841,Men,Apparel,Topwear,Shirts,Navy Blue,Summer,2012.0,Casual,Basics Men Navy Shirt,Basics,14259
4038,Men,Apparel,Topwear,Tshirts,Blue,Summer,2011.0,Sports,Puma Men's Rajasthan Royals Blue T-shirt,Puma,8153
48427,Men,Apparel,Topwear,Tshirts,White,Summer,2012.0,Casual,French Connection Men White Printed T-shirt,French,15278
42097,Men,Apparel,Topwear,Tshirts,Navy Blue,Summer,2012.0,Casual,ADIDAS Men Navy Blue Polo T-shirt,ADIDAS,15278
40044,Men,Apparel,Topwear,Tshirts,Black,Summer,2012.0,Casual,ADIDAS Men Black T-shirt,ADIDAS,13239
59121,Men,Apparel,Topwear,Jackets,Black,Summer,2012.0,Casual,Just Natural Men Black Jacket,Just,24410
14100,Men,Apparel,Topwear,Tshirts,Purple,Fall,2011.0,Casual,Flying Machine Men Printed Purple Tshirts,Flying,9162
11040,Men,Apparel,Topwear,Shirts,Purple,Fall,2011.0,Casual,Scullers Men Check Purple Shirt,Scullers,15278
11116,Men,Apparel,Topwear,Shirts,Grey,Fall,2011.0,Formal,Indigo Nation Men Solid Grey Shirts,Indigo,14259
4381,Men,Apparel,Topwear,Tshirts,Blue,Summer,2011.0,Casual,Superman Men's Silhouette Light Blue T-shirt,Superman,5085
11996,Men,Apparel,Topwear,Tshirts,Red,Fall,2011.0,Casual,Classic Polo Men Stripes Red Tshirts,Classic,9162
29765,Men,Apparel,Topwear,Shirts,White,Summer,2012.0,Casual,Wrangler Men Griffith White Shirt,Wrangler,13199
6693,Men,Apparel,Topwear,Tshirts,Brown,Summer,2011.0,Casual,UCB Men's Milange Effect Brown T-shirt,UCB,13239
18937,Men,Apparel,Topwear,Tshirts,Purple,Fall,2011.0,Casual,Levi's Men Graphic Print Purple Tshirt,Levi's,12220
18857,Men,Apparel,Topwear,Tshirts,Navy Blue,Fall,2011.0,Casual,Puma Men Generation Navy Blue Polo Tshirt,Puma,10182
2348,Men,Apparel,Topwear,Tshirts,Blue,Fall,2010.0,Casual,Reebok Men Basketball Blue T-shirt,Reebok,6105
24020,Men,Apparel,Topwear,Tshirts,Charcoal,Fall,2011.0,Casual,Locomotive Men Printed Charcoal T-shirt,Locomotive,5289
20282,Men,Apparel,Topwear,Shirts,Purple,Fall,2011.0,Casual,Arrow Men Solid Purple Slim Fit Shirt,Arrow,18335
11085,Men,Apparel,Topwear,Shirts,Green,Fall,2011.0,Casual,Scullers Men Check Green Shirts,Scullers,20374
8944,Men,Apparel,Topwear,Shirts,Blue,Fall,2011.0,Casual,Indigo Nation Men Reversible Bling Blue Shirts,Indigo,14259
30305,Men,Apparel,Topwear,Tshirts,Off White,Summer,2012.0,Casual,Myntra Men I M The Captain Off White T-shirt,Myntra,4066
13494,Men,Apparel,Topwear,Tshirts,White,Fall,2011.0,Casual,Nike Men Manchester United White Tshirts,Nike,12179
16395,Men,Apparel,Topwear,Shirts,Black,Fall,2011.0,Casual,Levis Men Check Black Shirts,Levis,18335
30136,Men,Apparel,Topwear,Tshirts,Navy Blue,Summer,2012.0,Casual,Flying Machine Men Printed Navy Blue T-shirt,Flying,7124
12254,Men,Apparel,Topwear,Shirts,Red,Fall,2011.0,Formal,Genesis Men Check Red Shirts,Genesis,15278
10475,Men,Apparel,Topwear,Shirts,Brown,Fall,2011.0,Casual,Flying Machine Men FS Solid Brown Shirts,Flying,15278
10859,Men,Apparel,Topwear,Tshirts,Navy Blue,Fall,2011.0,Casual,Wrangler Men Furious Rides Navy Blue T-Shirts,Wrangler,11160
3341,Men,Apparel,Topwear,Tshirts,Blue,Summer,2011.0,Sports,ADIDAS Men's Mumbai Indians Graphic Blue T-shirt,ADIDAS,14259
9865,Men,Apparel,Topwear,Tshirts,Grey,Fall,2011.0,Casual,Status Quo Men Grey & Blue Striped T-shirt,Status,10182
34358,Men,Apparel,Topwear,Tshirts,Blue,Summer,2012.0,Casual,Myntra Men Blue Say It Loud T-shirt,Myntra,4066
16388,Men,Apparel,Topwear,Shirts,Brown,Fall,2011.0,Formal,Peter England Men Stripes Brown Shirt,Peter,8143
31263,Men,Apparel,Topwear,Tshirts,Navy Blue,Summer,2012.0,Casual,Puma Men Navy Blue T-shirt,Puma,6105
16912,Men,Apparel,Topwear,Tshirts,Green,Fall,2011.0,Casual,Mr. Men Men Printed Green Tshirt,Mr.,6614
6294,Men,Apparel,Topwear,Tshirts,Green,Summer,2011.0,Casual,UCB Men's Super Star Print Green T-shirt,UCB,11201
40264,Men,Apparel,Topwear,Tshirts,Navy Blue,Summer,2012.0,Casual,Scullers Men Navy Blue Striped T-shirt,Scullers,11201
17910,Men,Apparel,Topwear,Sweatshirts,Black,Fall,2011.0,Sports,Nike Men Sptcas Black Sweatshirt,Nike,26449
16550,Men,Apparel,Topwear,Shirts,White,Fall,2011.0,Casual,Basics Men White Slim Fit Shirt,Basics,13239
20140,Men,Apparel,Topwear,Shirts,White,Summer,2012.0,Casual,Wrangler Men Check White Shirt,Wrangler,16256
9460,Men,Apparel,Topwear,Shirts,White,Fall,2011.0,Formal,John Miller Men Stripes White Blend White Shirts,John,10691
16539,Men,Apparel,Topwear,Shirts,White,Fall,2011.0,Casual,Basics Men White Slim Fit Striped Shirt,Basics,15278
7299,Men,Apparel,Topwear,Tshirts,Grey,Fall,2011.0,Casual,Jimi Hendrix Men's Note Light Grey T-shirt,Jimi,6105
10439,Men,Apparel,Topwear,Tshirts,Brown,Fall,2011.0,Casual,Flying Machine Men Walnut Brown Tshirts,Flying,9162
16548,Men,Apparel,Topwear,Shirts,White,Fall,2011.0,Casual,Basics Men White Slim Fit Checked Shirt,Basics,15278
44333,Men,Apparel,Topwear,Shirts,Green,Summer,2012.0,Casual,Indian Terrain Men Green Check Shirt,Indian,14259
15907,Men,Apparel,Topwear,Shirts,White,Fall,2011.0,Formal,Black Coffee Men Check White Shirt,Black,9264
19810,Men,Apparel,Topwear,Sweatshirts,Purple,Fall,2011.0,Casual,U.S. Polo Assn. Men Stripes Purple Sweatshirt,U.S.,25470
7562,Men,Apparel,Topwear,Tshirts,Black,Summer,2011.0,Sports,Nike Men's As T90 Ss Top T-Shirt,Nike,20333
11388,Men,Apparel,Topwear,Tshirts,Maroon,Fall,2011.0,Casual,United Colors of Benetton Men Light WinterMaroon Maroon Tshirts,United,11201
3796,Men,Apparel,Topwear,Tshirts,White,Summer,2011.0,Casual,Basics Men White & Red Striped Polo T-shirt,Basics,8653
53318,Men,Apparel,Topwear,Tshirts,Red,Summer,2012.0,Casual,Locomotive Men Red T-shirt,Locomotive,4627
57286,Men,Apparel,Topwear,Shirts,Grey,Summer,2012.0,Casual,French Connection Men Grey Shirt,French,30566
2275,Men,Apparel,Topwear,Tshirts,White,Fall,2010.0,Sports,Nike Mens Challenger Graphic White T-shirt,Nike,13199
53768,Men,Apparel,Topwear,Tshirts,Blue,Summer,2012.0,Casual,Puma Men Blue T-shirt,Puma,9162
26798,Men,Apparel,Topwear,Shirts,Blue,Summer,2013.0,Formal,Arrow Men Blue Shirt,Arrow,26489
3354,Men,Apparel,Topwear,Tshirts,White,Summer,2011.0,Casual,Myntra Men's I Give 100 Percent Work White T-shirt,Myntra,4066
13441,Men,Apparel,Topwear,Tshirts,White,Summer,2011.0,Casual,United Colors of Benetton Men Printed White Tshirts,United,8143
53784,Men,Apparel,Topwear,Shirts,Red,Summer,2012.0,Casual,Puma Men Red Check Shirt,Puma,23432
38557,Men,Apparel,Topwear,Tshirts,Blue,Summer,2012.0,Casual,Nike Men Polo Club Blue T-shirt,Nike,9122
26306,Men,Apparel,Topwear,Tshirts,Grey,Fall,2013.0,Casual,Proline Men Pack of 3 T-Shirts,Proline,7124
38619,Men,Apparel,Topwear,Tshirts,Multi,Summer,2012.0,Casual,Nike Men Grey Multi Coloured Polo T-shirt,Nike,13199
8202,Men,Apparel,Topwear,Tshirts,Grey,Summer,2011.0,Casual,Locomotive Men Landon Grey T-Shirts,Locomotive,4627
9511,Men,Apparel,Topwear,Tshirts,Green,Summer,2011.0,Casual,Basics Men Green T-shirt,Basics,7124
17503,Men,Apparel,Topwear,Tshirts,Black,Fall,2011.0,Casual,Classic Polo Men Stripes Black Polo T-Shirt,Classic,7124
19159,Men,Apparel,Topwear,Tshirts,Black,Summer,2011.0,Casual,United Colors of Benetton Men Printed Black Tshirt,United,9162
26086,Men,Apparel,Topwear,Shirts,Purple,Summer,2012.0,Formal,John Miller Men Check Purple Shirt,John,10182
17565,Men,Apparel,Topwear,Shirts,Blue,Fall,2011.0,Formal,Mark Taylor Men Blue & White Striped Shirt,Mark,5289
4760,Men,Apparel,Topwear,Tshirts,Green,Summer,2011.0,Sports,ADIDAS Men's Stripe Polo Green Spirit White T-shirt,ADIDAS,10182
9616,Men,Apparel,Topwear,Shirts,Black,Fall,2011.0,Casual,Indigo Nation Men Checks Black White Shirts,Indigo,15787
43069,Men,Apparel,Topwear,Tshirts,Grey,Summer,2012.0,Casual,Nike Men Grey Tailwind T-shirt,Nike,18295
19731,Men,Apparel,Topwear,Shirts,Blue,Summer,2011.0,Casual,United Colors of Benetton Men Solid Blue Shirt,United,15278
13885,Men,Apparel,Topwear,Shirts,Black,Fall,2011.0,Casual,Scullers Men Check Black Shirts,Scullers,19864
52049,Men,Apparel,Topwear,Tshirts,White,Summer,2012.0,Casual,Myntra Men White T-shirt,Myntra,3047
34241,Men,Apparel,Topwear,Tshirts,Black,Summer,2012.0,Casual,Proline Men Black T-shirt with Printed Detail,Proline,3567
11063,Men,Apparel,Topwear,Shirts,Purple,Fall,2011.0,Formal,John Miller Men Solid Purple Shirts,John,9162
5185,Men,Apparel,Topwear,Tshirts,Black,Summer,2011.0,Casual,Dark Knight Men's Crew Black T-shirt,Dark,6614
13835,Men,Apparel,Topwear,Jackets,Black,Summer,2012.0,Sports,Nike Men Solid Black Jackets,Nike,36641
15982,Men,Apparel,Topwear,Shirts,Grey,Fall,2011.0,Casual,Turtle Stripes Men Grey Shirt,Turtle,12179
6064,Men,Apparel,Topwear,Tshirts,Black,Summer,2011.0,Casual,UCB Men's VNeck Shiny Print Patch Black T-shirt,UCB,13239
22181,Men,Apparel,Topwear,Shirts,Blue,Summer,2012.0,Casual,Timberland Men Blue Check Shirt,Timberland,38628
2856,Men,Apparel,Topwear,Tshirts,Grey,Summer,2011.0,Casual,Mr.Men Men's Mr.Happy Grey T-shirt,Mr.Men,5085
9470,Men,Apparel,Topwear,Shirts,White,Fall,2011.0,Formal,John Miller Men Solid White White Shirts,John,12730
33946,Men,Apparel,Topwear,Tshirts,Green,Summer,2012.0,Casual,ADIDAS Men Green Polo T-shirt,ADIDAS,26489
8591,Men,Apparel,Topwear,Shirts,Purple,Fall,2011.0,Casual,Scullers Men Purple Check Shirt,Scullers,22922
18237,Men,Apparel,Topwear,Tshirts,Red,Fall,2011.0,Casual,Manchester United Men Solid Red Tshirt,Manchester,9162
8719,Men,Apparel,Topwear,Shirts,Purple,Fall,2011.0,Casual,Indigo Nation Men Stripes Shirt Purple Shirts,Indigo,9162
37740,Men,Apparel,Topwear,Shirts,Navy Blue,Summer,2012.0,Casual,John Players Men Check Navy Blue Shirt,John,11201
37132,Men,Apparel,Topwear,Shirts,Blue,Summer,2012.0,Formal,Wills Lifestyle Men Blue Dexter Club Shirt,Wills,17316
19658,Men,Apparel,Topwear,Tshirts,Blue,Fall,2011.0,Casual,United Colors of Benetton Men Printed Blue T-shirt,United,13239
9695,Men,Apparel,Topwear,Tshirts,White,Fall,2011.0,Casual,Classic Polo Men Vulcan White Polo Tshirts,Classic,7797
1859,Men,Apparel,Topwear,Tshirts,Red,Summer,2011.0,Casual,Inkfruit Men Eye Opener T-shirt,Inkfruit,5085
3323,Men,Apparel,Topwear,Jackets,Blue,Summer,2011.0,Sports,KKR Mens Fangear Tee,KKR,8143
30307,Men,Apparel,Topwear,Tshirts,Off White,Summer,2012.0,Casual,Myntra Men Surf Punk Off White T-shirt,Myntra,4066
19961,Men,Apparel,Topwear,Sweaters,Blue,Fall,2011.0,Casual,United Colors of Benetton Men Blue Check Sweater,United,30566
6161,Men,Apparel,Topwear,Tshirts,Blue,Summer,2011.0,Casual,Lee Men's Medal Blue Lapis T-shirt,Lee,9672
6767,Men,Apparel,Topwear,Tshirts,Navy Blue,Summer,2011.0,Casual,Timberland Men's Nautical Stripe Pique Navy T-shirt,Timberland,35571
9528,Men,Apparel,Topwear,Tshirts,Blue,Summer,2011.0,Casual,FIFA Men essential Blue T-shirts,FIFA,8143
19820,Men,Apparel,Topwear,Sweaters,Green,Winter,2016.0,Casual,U.S. Polo Assn. Men Solid Green Sweater,U.S.,19355
18938,Men,Apparel,Topwear,Tshirts,Purple,Fall,2011.0,Casual,Levi's Men Graphic Print Purple Tshirt,Levi's,14259
37809,Men,Apparel,Topwear,Shirts,Blue,Summer,2012.0,Casual,John Players Men Satin Stripes Blue Shirt,John,10182
13668,Men,Apparel,Topwear,Shirts,Blue,Fall,2011.0,Formal,Genesis Men Blue Square Shirt,Genesis,17316
13967,Men,Apparel,Topwear,Tshirts,Red,Fall,2011.0,Casual,Ed Hardy Men Printed Red Tshirts,Ed,35662
12910,Men,Apparel,Topwear,Shirts,Blue,Fall,2011.0,Casual,Spykar Men Mandarin Collar Blue Shirts,Spykar,18335
53764,Men,Apparel,Topwear,Tshirts,Blue,Summer,2012.0,Casual,Puma Men Blue Striped T-shirt,Puma,14259
11064,Men,Apparel,Topwear,Shirts,Purple,Fall,2011.0,Formal,John Miller Men Solid Purple Shirts,John,9672
27152,Men,Apparel,Topwear,Shirts,Blue,Summer,2012.0,Formal,Mark Taylor Men Striped Blue Shirt,Mark,5289
6194,Men,Apparel,Topwear,Tshirts,White,Summer,2011.0,Casual,UCB Men's Logo Chest white T-shirt,UCB,8143
41637,Men,Apparel,Topwear,Shirts,Brown,Summer,2012.0,Formal,Mark Taylor Men Brown Striped Shirt,Mark,5289
19161,Men,Apparel,Topwear,Tshirts,White,Summer,2011.0,Casual,United Colors of Benetton Men Solid White Tshirt,United,9162
30134,Men,Apparel,Topwear,Tshirts,Orange,Summer,2012.0,Casual,Flying Machine Men Printed Orange T-shirt,Flying,7124
9570,Men,Apparel,Topwear,Shirts,Blue,Fall,2011.0,Formal,John Miller Men Solid Light Blue Shirt,John,12730
9976,Men,Apparel,Topwear,Sweatshirts,Black,Fall,2011.0,Sports,Nike Men Manu Core Black Sweatshirts,Nike,28487
16053,Men,Apparel,Topwear,Shirts,Blue,Fall,2011.0,Casual,Highlander Men Check Blue Shirt,Highlander,9927
51411,Men,Apparel,Topwear,Shirts,Turquoise Blue,Summer,2012.0,Casual,Myntra Men Turquoise Blue Striped Shirt,Myntra,7124
2038,Men,Apparel,Topwear,Tshirts,Black,Fall,2010.0,Casual,ADIDAS Mens Stylish Black Polo T-shirt,ADIDAS,13239
31649,Men,Apparel,Topwear,Shirts,Blue,Summer,2012.0,Formal,Indigo Nation Men Striped Blue Shirt,Indigo,12730
21391,Men,Apparel,Topwear,Tshirts,Red,Fall,2011.0,Casual,Locomotive Men Printed Red T-shirt,Locomotive,5289
30318,Men,Apparel,Topwear,Tshirts,Pink,Summer,2012.0,Casual,Myntra Men Hawai Pink T-shirt,Myntra,4066
3448,Men,Apparel,Topwear,Tshirts,Black,Summer,2011.0,Sports,ADIDAS Men's Pune Warriors Graphic Black T-shirt,ADIDAS,14259
22350,Men,Apparel,Topwear,Shirts,Blue,Fall,2011.0,Casual,John Players Men Check Blue Shirt,John,8143
3759,Men,Apparel,Topwear,Tshirts,Purple,Summer,2011.0,Casual,Status Quo Men's Harbour Island Purple T-shirt,Status,6614
8799,Men,Apparel,Topwear,Shirts,Red,Fall,2011.0,Casual,Scullers Men's Scul Red White Shirts,Scullers,17826
3479,Men,Apparel,Topwear,Tshirts,Black,Fall,2010.0,Sports,ADIDAS Men's Black Graphic T-shirt,ADIDAS,11201
17937,Men,Apparel,Topwear,Tshirts,Black,Fall,2011.0,Casual,Puma Men Ducati One ups Tee 2 Black Tshirt,Puma,18335
10794,Men,Apparel,Topwear,Shirts,Navy Blue,Fall,2011.0,Casual,Wrangler Men Warnick Square Block Navy Blue Shirts,Wrangler,18295
6690,Men,Apparel,Topwear,Tshirts,Red,Summer,2011.0,Casual,UCB Men's United Colors Flock Red T-shirt,UCB,6105
37802,Men,Apparel,Topwear,Shirts,White,Summer,2012.0,Formal,John Players Men Solid White Shirt,John,6105
26248,Men,Apparel,Topwear,Tshirts,Blue,Summer,2012.0,Casual,Proline Men Blue Polo Tshirt,Proline,7124
